Item ID,Item Description,Item Class,Inactive,Subject to Commission,Description for Sales,Description for Purchases,Sales Price 1,Sales Price 1 Calculation,Sales Price 1 Rounding,Sales Price 1 Rounding #,Sales Price 2,Sales Price 2 Calculation,Sales Price 2 Rounding,Sales Price 2 Rounding #,Sales Price 3,Sales Price 3 Calculation,Sales Price 3 Rounding,Sales Price 3 Rounding #,Sales Price 4,Sales Price 4 Calculation,Sales Price 4 Rounding,Sales Price 4 Rounding #,Sales Price 5,Sales Price 5 Calculation,Sales Price 5 Rounding,Sales Price 5 Rounding #,Sales Price 6,Sales Price 6 Calculation,Sales Price 6 Rounding,Sales Price 6 Rounding #,Sales Price 7,Sales Price 7 Calculation,Sales Price 7 Rounding,Sales Price 7 Rounding #,Sales Price 8,Sales Price 8 Calculation,Sales Price 8 Rounding,Sales Price 8 Rounding #,Sales Price 9,Sales Price 9 Calculation,Sales Price 9 Rounding,Sales Price 9 Rounding #,Sales Price 10,Sales Price 10 Calculation,Sales Price 10 Rounding,Sales Price 10 Rounding #,Qty Discount ID,Item Tax Type,Last Unit Cost,Costing Method,G/L Sales Account,G/L Inventory Account,G/L COGS/Salary Acct,UPC / SKU,Item Type,Location,Stocking U/M,Use Multi-Packs,Purchasing U/M,Purchasing U/M Description,Purch U/M No. of Stocking Units,Purchasing Weight,Purchasing UPC / SCC,Use Purchasing U/M as Default,Sales U/M,Sales U/M Description,Sales U/M No. of Stocking Units,Sales Weight,Sales UPC / SCC,Use Sales U/M as Default,Weight,Minimum Stock,Reorder Quantity,Vendor ID,Buyer ID,FOR CUSTOMER,INV ITEM CODE,CYCLE TIME,DEPT ID,INV ITEM DESC,Master Stock Item ID,Primary Attrib. ID 1,Primary Attrib. Desc. 1,Primary Attrib. ID 2,Primary Attrib. Desc. 2,Primary Attrib. ID 3,Primary Attrib. Desc. 3,Primary Attrib. ID 4,Primary Attrib. Desc. 4,Primary Attrib. ID 5,Primary Attrib. Desc. 5,Primary Attrib. ID 6,Primary Attrib. Desc. 6,Primary Attrib. ID 7,Primary Attrib. Desc. 7,Primary Attrib. ID 8,Primary Attrib. Desc. 8,Primary Attrib. ID 9,Primary Attrib. Desc. 9,Primary Attrib. ID 10,Primary Attrib. Desc. 10,Primary Attrib. ID 11,Primary Attrib. Desc. 11,Primary Attrib. ID 12,Primary Attrib. Desc. 12,Primary Attrib. ID 13,Primary Attrib. Desc. 13,Primary Attrib. ID 14,Primary Attrib. Desc. 14,Primary Attrib. ID 15,Primary Attrib. Desc. 15,Primary Attrib. ID 16,Primary Attrib. Desc. 16,Primary Attrib. ID 17,Primary Attrib. Desc. 17,Primary Attrib. ID 18,Primary Attrib. Desc. 18,Primary Attrib. ID 19,Primary Attrib. Desc. 19,Primary Attrib. ID 20,Primary Attrib. Desc. 20,Secondary Attrib. ID 1,Secondary Attrib. Desc. 1,Secondary Attrib. ID 2,Secondary Attrib. Desc. 2,Secondary Attrib. ID 3,Secondary Attrib. Desc. 3,Secondary Attrib. ID 4,Secondary Attrib. Desc. 4,Secondary Attrib. ID 5,Secondary Attrib. Desc. 5,Secondary Attrib. ID 6,Secondary Attrib. Desc. 6,Secondary Attrib. ID 7,Secondary Attrib. Desc. 7,Secondary Attrib. ID 8,Secondary Attrib. Desc. 8,Secondary Attrib. ID 9,Secondary Attrib. Desc. 9,Secondary Attrib. ID 10,Secondary Attrib. Desc. 10,Secondary Attrib. ID 11,Secondary Attrib. Desc. 11,Secondary Attrib. ID 12,Secondary Attrib. Desc. 12,Secondary Attrib. ID 13,Secondary Attrib. Desc. 13,Secondary Attrib. ID 14,Secondary Attrib. Desc. 14,Secondary Attrib. ID 15,Secondary Attrib. Desc. 15,Secondary Attrib. ID 16,Secondary Attrib. Desc. 16,Secondary Attrib. ID 17,Secondary Attrib. Desc. 17,Secondary Attrib. ID 18,Secondary Attrib. Desc. 18,Secondary Attrib. ID 19,Secondary Attrib. Desc. 19,Secondary Attrib. ID 20,Secondary Attrib. Desc. 20,Item Note,Print Components,Number of Components,Primary Attrib. Name,Substock Primary Attrib. ID,Substock Primary Attrib. Desc.,Secondary Attrib. Name,Substock Second Attrib. ID,Substock Second Attrib. Desc.,Warranty Period,Revision Number,Effective Date,Component Number,Component ID,Quantity Needed,Part Number
P1-128175-0010,C1100R-H 0.8x76,1,FALSE,FALSE,C1100R-H 0.8x76,C1100R-H 0.8x76,0,NC,0,0,0,NC,0,0,0,NC,0,0,0,NC,0,0,0,NC,0,0,0,NC,0,0,0,NC,0,0,0,NC,0,0,0,NC,0,0,0,NC,0,0,,0,0,1,1311-2510-0,1331-2510-0,1311-2510-0,,P1,PRESS,KG,FALSE,,,0,0,,FALSE,,,1,1,,FALSE,,0,0,,,,,,,,,,,,,,,,,,,,,,,,,,,,,,,,,,,,,,,,,,,,,,,,,,,,,,,,,,,,,,,,,,,,,,,,,,,,,,,,,,,,,,,,,,FALSE,1,,,,,,,,,,0,,0,
P1-128175-0020,C1100R-H 0.8x52,1,FALSE,FALSE,C1100R-H 0.8x52,C1100R-H 0.8x52,0,NC,0,0,0,NC,0,0,0,NC,0,0,0,NC,0,0,0,NC,0,0,0,NC,0,0,0,NC,0,0,0,NC,0,0,0,NC,0,0,0,NC,0,0,,0,0,1,1311-2510-0,1331-2510-0,1311-2510-0,,P1,PRESS,KG,FALSE,,,0,0,,FALSE,,,1,1,,FALSE,,0,0,,,,,,,,,,,,,,,,,,,,,,,,,,,,,,,,,,,,,,,,,,,,,,,,,,,,,,,,,,,,,,,,,,,,,,,,,,,,,,,,,,,,,,,,,,FALSE,1,,,,,,,,,,0,,0,
P1-128192-0010,C1100R-H 2.0/0.8x61,1,FALSE,FALSE,C1100R-H 2.0/0.8x61,C1100R-H 2.0/0.8x61,0,NC,0,0,0,NC,0,0,0,NC,0,0,0,NC,0,0,0,NC,0,0,0,NC,0,0,0,NC,0,0,0,NC,0,0,0,NC,0,0,0,NC,0,0,,0,0,1,1311-2510-0,1331-2510-0,1311-2510-0,,P1,PRESS,KG,FALSE,,,0,0,,FALSE,,,1,1,,FALSE,,0,0,,,,,,,,,,,,,,,,,,,,,,,,,,,,,,,,,,,,,,,,,,,,,,,,,,,,,,,,,,,,,,,,,,,,,,,,,,,,,,,,,,,,,,,,,,FALSE,1,,,,,,,,,,0,,0,
P1-128192-0020,C1100R-H 2.0/0.8x42,1,FALSE,FALSE,C1100R-H 2.0/0.8x42,C1100R-H 2.0/0.8x42,0,NC,0,0,0,NC,0,0,0,NC,0,0,0,NC,0,0,0,NC,0,0,0,NC,0,0,0,NC,0,0,0,NC,0,0,0,NC,0,0,0,NC,0,0,,0,0,1,1311-2510-0,1331-2510-0,1311-2510-0,,P1,PRESS,KG,FALSE,,,0,0,,FALSE,,,1,1,,FALSE,,0,0,,,,,,,,,,,,,,,,,,,,,,,,,,,,,,,,,,,,,,,,,,,,,,,,,,,,,,,,,,,,,,,,,,,,,,,,,,,,,,,,,,,,,,,,,,FALSE,1,,,,,,,,,,0,,0,
P1-128216-0010C,C1100R-H 0.8x55,1,FALSE,FALSE,C1100R-H 0.8x55,C1100R-H 0.8x55,0,NC,0,0,0,NC,0,0,0,NC,0,0,0,NC,0,0,0,NC,0,0,0,NC,0,0,0,NC,0,0,0,NC,0,0,0,NC,0,0,0,NC,0,0,,0,0,1,1311-2510-0,1331-2510-0,1311-2510-0,,P1,PRESS,KG,FALSE,,,0,0,,FALSE,,,1,1,,FALSE,,0,0,,,,,,,,,,,,,,,,,,,,,,,,,,,,,,,,,,,,,,,,,,,,,,,,,,,,,,,,,,,,,,,,,,,,,,,,,,,,,,,,,,,,,,,,,,FALSE,1,,,,,,,,,,0,,0,
P1-128216-0020,C1100R-H 0.8x47,1,FALSE,FALSE,C1100R-H 0.8x47,C1100R-H 0.8x47,0,NC,0,0,0,NC,0,0,0,NC,0,0,0,NC,0,0,0,NC,0,0,0,NC,0,0,0,NC,0,0,0,NC,0,0,0,NC,0,0,0,NC,0,0,,0,0,1,1311-2510-0,1331-2510-0,1311-2510-0,,P1,PRESS,KG,FALSE,,,0,0,,FALSE,,,1,1,,FALSE,,0,0,,,,,,,,,,,,,,,,,,,,,,,,,,,,,,,,,,,,,,,,,,,,,,,,,,,,,,,,,,,,,,,,,,,,,,,,,,,,,,,,,,,,,,,,,,FALSE,1,,,,,,,,,,0,,0,
P1-128221-0021,C1100R-H 0.8x45,1,FALSE,FALSE,C1100R-H 0.8x45,C1100R-H 0.8x45,0,NC,0,0,0,NC,0,0,0,NC,0,0,0,NC,0,0,0,NC,0,0,0,NC,0,0,0,NC,0,0,0,NC,0,0,0,NC,0,0,0,NC,0,0,,0,0,1,1311-2510-0,1331-2510-0,1311-2510-0,,P1,PRESS,KG,FALSE,,,0,0,,FALSE,,,1,1,,FALSE,,0,0,,,,,,,,,,,,,,,,,,,,,,,,,,,,,,,,,,,,,,,,,,,,,,,,,,,,,,,,,,,,,,,,,,,,,,,,,,,,,,,,,,,,,,,,,,FALSE,1,,,,,,,,,,0,,0,
P1-128229-0010C,C1100R-H 0.8x96,1,FALSE,FALSE,C1100R-H 0.8x96,C1100R-H 0.8x96,0,NC,0,0,0,NC,0,0,0,NC,0,0,0,NC,0,0,0,NC,0,0,0,NC,0,0,0,NC,0,0,0,NC,0,0,0,NC,0,0,0,NC,0,0,,0,0,1,1311-2510-0,1331-2510-0,1311-2510-0,,P1,PRESS,KG,FALSE,,,0,0,,FALSE,,,1,1,,FALSE,,0,0,,,,,,,,,,,,,,,,,,,,,,,,,,,,,,,,,,,,,,,,,,,,,,,,,,,,,,,,,,,,,,,,,,,,,,,,,,,,,,,,,,,,,,,,,,FALSE,1,,,,,,,,,,0,,0,
P1-134243-0162,C1720R-HMB Ag  S-SP2 (U) 0.15x14,1,FALSE,FALSE,C1720R-HMB Ag  S-SP2 (U) 0.15x14,C1720R-HMB Ag  S-SP2 (U) 0.15x14,0,NC,0,0,0,NC,0,0,0,NC,0,0,0,NC,0,0,0,NC,0,0,0,NC,0,0,0,NC,0,0,0,NC,0,0,0,NC,0,0,0,NC,0,0,,0,0,1,1311-2510-0,1331-2510-0,1311-2510-0,,P1,PRESS,KG,FALSE,,,0,0,,FALSE,,,1,1,,FALSE,,0,0,,,,,,,,,,,,,,,,,,,,,,,,,,,,,,,,,,,,,,,,,,,,,,,,,,,,,,,,,,,,,,,,,,,,,,,,,,,,,,,,,,,,,,,,,,FALSE,1,,,,,,,,,,0,,0,
P1-183643-0061,C1100R-1/2H 0.64x55,1,FALSE,FALSE,C1100R-1/2H 0.64x55,C1100R-1/2H 0.64x55,0,NC,0,0,0,NC,0,0,0,NC,0,0,0,NC,0,0,0,NC,0,0,0,NC,0,0,0,NC,0,0,0,NC,0,0,0,NC,0,0,0,NC,0,0,,0,0,1,1311-2510-0,1331-2510-0,1311-2510-0,,P1,PRESS,KG,FALSE,,,0,0,,FALSE,,,1,1,,FALSE,,0,0,,,,,,,,,,,,,,,,,,,,,,,,,,,,,,,,,,,,,,,,,,,,,,,,,,,,,,,,,,,,,,,,,,,,,,,,,,,,,,,,,,,,,,,,,,FALSE,1,,,,,,,,,,0,,0,
P1-183644-0021,C1100R-1/2H 0.64x56,1,FALSE,FALSE,C1100R-1/2H 0.64x56,C1100R-1/2H 0.64x56,0,NC,0,0,0,NC,0,0,0,NC,0,0,0,NC,0,0,0,NC,0,0,0,NC,0,0,0,NC,0,0,0,NC,0,0,0,NC,0,0,0,NC,0,0,,0,0,1,1311-2510-0,1331-2510-0,1311-2510-0,,P1,PRESS,KG,FALSE,,,0,0,,FALSE,,,1,1,,FALSE,,0,0,,,,,,,,,,,,,,,,,,,,,,,,,,,,,,,,,,,,,,,,,,,,,,,,,,,,,,,,,,,,,,,,,,,,,,,,,,,,,,,,,,,,,,,,,,FALSE,1,,,,,,,,,,0,,0,
P1-183655-0070,C1100R-1/2H Ag S-SP2 (D) 0.6x25,1,FALSE,FALSE,C1100R-1/2H Ag S-SP2 (D) 0.6x25,C1100R-1/2H Ag S-SP2 (D) 0.6x25,0,NC,0,0,0,NC,0,0,0,NC,0,0,0,NC,0,0,0,NC,0,0,0,NC,0,0,0,NC,0,0,0,NC,0,0,0,NC,0,0,0,NC,0,0,,0,0,1,1311-2510-0,1331-2510-0,1311-2510-0,,P1,PRESS,KG,FALSE,,,0,0,,FALSE,,,1,1,,FALSE,,0,0,,,,,,,,,,,,,,,,,,,,,,,,,,,,,,,,,,,,,,,,,,,,,,,,,,,,,,,,,,,,,,,,,,,,,,,,,,,,,,,,,,,,,,,,,,FALSE,1,,,,,,,,,,0,,0,
P1-183655-0090,C1100R-1/2H 0.64x44,1,FALSE,FALSE,C1100R-1/2H 0.64x44,C1100R-1/2H 0.64x44,0,NC,0,0,0,NC,0,0,0,NC,0,0,0,NC,0,0,0,NC,0,0,0,NC,0,0,0,NC,0,0,0,NC,0,0,0,NC,0,0,0,NC,0,0,,0,0,1,1311-2510-0,1331-2510-0,1311-2510-0,,P1,PRESS,KG,FALSE,,,0,0,,FALSE,,,1,1,,FALSE,,0,0,,,,,,,,,,,,,,,,,,,,,,,,,,,,,,,,,,,,,,,,,,,,,,,,,,,,,,,,,,,,,,,,,,,,,,,,,,,,,,,,,,,,,,,,,,FALSE,1,,,,,,,,,,0,,0,
P1-183739-0150,C1100R-1/2H Ag S -SP2  (U) 0.6x26,1,FALSE,FALSE,C1100R-1/2H Ag S -SP2  (U) 0.6x26,C1100R-1/2H Ag S -SP2  (U) 0.6x26,0,NC,0,0,0,NC,0,0,0,NC,0,0,0,NC,0,0,0,NC,0,0,0,NC,0,0,0,NC,0,0,0,NC,0,0,0,NC,0,0,0,NC,0,0,,0,0,1,1311-2510-0,1331-2510-0,1311-2510-0,,P1,PRESS,KG,FALSE,,,0,0,,FALSE,,,1,1,,FALSE,,0,0,,,,,,,,,,,,,,,,,,,,,,,,,,,,,,,,,,,,,,,,,,,,,,,,,,,,,,,,,,,,,,,,,,,,,,,,,,,,,,,,,,,,,,,,,,FALSE,1,,,,,,,,,,0,,0,
P1-183739-0160,C5210R-EH Ag S-SP2 (D) 0.18x24,1,FALSE,FALSE,C5210R-EH Ag S-SP2 (D) 0.18x24,C5210R-EH Ag S-SP2 (D) 0.18x24,0,NC,0,0,0,NC,0,0,0,NC,0,0,0,NC,0,0,0,NC,0,0,0,NC,0,0,0,NC,0,0,0,NC,0,0,0,NC,0,0,0,NC,0,0,,0,0,1,1311-2510-0,1331-2510-0,1311-2510-0,,P1,PRESS,KG,FALSE,,,0,0,,FALSE,,,1,1,,FALSE,,0,0,,,,,,,,,,,,,,,,,,,,,,,,,,,,,,,,,,,,,,,,,,,,,,,,,,,,,,,,,,,,,,,,,,,,,,,,,,,,,,,,,,,,,,,,,,FALSE,1,,,,,,,,,,0,,0,
P1-183739-0170C,C1100R-1/2H Sn 0.64x39.6,1,FALSE,FALSE,C1100R-1/2H Sn 0.64x39.6,C1100R-1/2H Sn 0.64x39.6,0,NC,0,0,0,NC,0,0,0,NC,0,0,0,NC,0,0,0,NC,0,0,0,NC,0,0,0,NC,0,0,0,NC,0,0,0,NC,0,0,0,NC,0,0,,0,0,1,1311-2510-0,1331-2510-0,1311-2510-0,,P1,PRESS,KG,FALSE,,,0,0,,FALSE,,,1,1,,FALSE,,0,0,,,,,,,,,,,,,,,,,,,,,,,,,,,,,,,,,,,,,,,,,,,,,,,,,,,,,,,,,,,,,,,,,,,,,,,,,,,,,,,,,,,,,,,,,,FALSE,1,,,,,,,,,,0,,0,
P1-183739-0180C,C1100R-1/2H 0.64x31.2,1,FALSE,FALSE,C1100R-1/2H 0.64x31.2,C1100R-1/2H 0.64x31.2,0,NC,0,0,0,NC,0,0,0,NC,0,0,0,NC,0,0,0,NC,0,0,0,NC,0,0,0,NC,0,0,0,NC,0,0,0,NC,0,0,0,NC,0,0,,0,0,1,1311-2510-0,1331-2510-0,1311-2510-0,,P1,PRESS,KG,FALSE,,,0,0,,FALSE,,,1,1,,FALSE,,0,0,,,,,,,,,,,,,,,,,,,,,,,,,,,,,,,,,,,,,,,,,,,,,,,,,,,,,,,,,,,,,,,,,,,,,,,,,,,,,,,,,,,,,,,,,,FALSE,1,,,,,,,,,,0,,0,
P1-183893-0040C,C1100R-1/2H 0.64x36,1,FALSE,FALSE,C1100R-1/2H 0.64x36,C1100R-1/2H 0.64x36,0,NC,0,0,0,NC,0,0,0,NC,0,0,0,NC,0,0,0,NC,0,0,0,NC,0,0,0,NC,0,0,0,NC,0,0,0,NC,0,0,0,NC,0,0,,0,0,1,1311-2510-0,1331-2510-0,1311-2510-0,,P1,PRESS,KG,FALSE,,,0,0,,FALSE,,,1,1,,FALSE,,0,0,,,,,,,,,,,,,,,,,,,,,,,,,,,,,,,,,,,,,,,,,,,,,,,,,,,,,,,,,,,,,,,,,,,,,,,,,,,,,,,,,,,,,,,,,,FALSE,1,,,,,,,,,,0,,0,
P1-183896-0020,C1100R-1/2H 0.64x29,1,FALSE,FALSE,C1100R-1/2H 0.64x29,C1100R-1/2H 0.64x29,0,NC,0,0,0,NC,0,0,0,NC,0,0,0,NC,0,0,0,NC,0,0,0,NC,0,0,0,NC,0,0,0,NC,0,0,0,NC,0,0,0,NC,0,0,,0,0,1,1311-2510-0,1331-2510-0,1311-2510-0,,P1,PRESS,KG,FALSE,,,0,0,,FALSE,,,1,1,,FALSE,,0,0,,,,,,,,,,,,,,,,,,,,,,,,,,,,,,,,,,,,,,,,,,,,,,,,,,,,,,,,,,,,,,,,,,,,,,,,,,,,,,,,,,,,,,,,,,FALSE,1,,,,,,,,,,0,,0,
P1-189677-0060,C5210R-1/2H 0.15x18,1,FALSE,FALSE,C5210R-1/2H 0.15x18,C5210R-1/2H 0.15x18,0,NC,0,0,0,NC,0,0,0,NC,0,0,0,NC,0,0,0,NC,0,0,0,NC,0,0,0,NC,0,0,0,NC,0,0,0,NC,0,0,0,NC,0,0,,0,0,1,1311-2510-0,1331-2510-0,1311-2510-0,,P1,PRESS,KG,FALSE,,,0,0,,FALSE,,,1,1,,FALSE,,0,0,,,,,,,,,,,,,,,,,,,,,,,,,,,,,,,,,,,,,,,,,,,,,,,,,,,,,,,,,,,,,,,,,,,,,,,,,,,,,,,,,,,,,,,,,,FALSE,1,,,,,,,,,,0,,0,
P1-192798-0060C,C2600R-1/2H Sn 0.64x56,1,FALSE,FALSE,C2600R-1/2H Sn 0.64x56,C2600R-1/2H Sn 0.64x56,0,NC,0,0,0,NC,0,0,0,NC,0,0,0,NC,0,0,0,NC,0,0,0,NC,0,0,0,NC,0,0,0,NC,0,0,0,NC,0,0,0,NC,0,0,,0,0,1,1311-2510-0,1331-2510-0,1311-2510-0,,P1,PRESS,KG,FALSE,,,0,0,,FALSE,,,1,1,,FALSE,,0,0,,,,,,,,,,,,,,,,,,,,,,,,,,,,,,,,,,,,,,,,,,,,,,,,,,,,,,,,,,,,,,,,,,,,,,,,,,,,,,,,,,,,,,,,,,FALSE,1,,,,,,,,,,0,,0,
P1-193140-0050,C2600R-1/2H Sn (FT) 0.64x57,1,FALSE,FALSE,C2600R-1/2H Sn (FT) 0.64x57,C2600R-1/2H Sn (FT) 0.64x57,0,NC,0,0,0,NC,0,0,0,NC,0,0,0,NC,0,0,0,NC,0,0,0,NC,0,0,0,NC,0,0,0,NC,0,0,0,NC,0,0,0,NC,0,0,,0,0,1,1311-2510-0,1331-2510-0,1311-2510-0,,P1,PRESS,KG,FALSE,,,0,0,,FALSE,,,1,1,,FALSE,,0,0,,,,,,,,,,,,,,,,,,,,,,,,,,,,,,,,,,,,,,,,,,,,,,,,,,,,,,,,,,,,,,,,,,,,,,,,,,,,,,,,,,,,,,,,,,FALSE,1,,,,,,,,,,0,,0,
P1-193140-0060,C1100R-1/2H Sn 0.64x49,1,FALSE,FALSE,C1100R-1/2H Sn 0.64x49,C1100R-1/2H Sn 0.64x49,0,NC,0,0,0,NC,0,0,0,NC,0,0,0,NC,0,0,0,NC,0,0,0,NC,0,0,0,NC,0,0,0,NC,0,0,0,NC,0,0,0,NC,0,0,,0,0,1,1311-2510-0,1331-2510-0,1311-2510-0,,P1,PRESS,KG,FALSE,,,0,0,,FALSE,,,1,1,,FALSE,,0,0,,,,,,,,,,,,,,,,,,,,,,,,,,,,,,,,,,,,,,,,,,,,,,,,,,,,,,,,,,,,,,,,,,,,,,,,,,,,,,,,,,,,,,,,,,FALSE,1,,,,,,,,,,0,,0,
P1-193145-0030,C1100R-1/2H Ag S- SP2 (U) 0.64x65,1,FALSE,FALSE,C1100R-1/2H Ag S- SP2 (U) 0.64x65,C1100R-1/2H Ag S- SP2 (U) 0.64x65,0,NC,0,0,0,NC,0,0,0,NC,0,0,0,NC,0,0,0,NC,0,0,0,NC,0,0,0,NC,0,0,0,NC,0,0,0,NC,0,0,0,NC,0,0,,0,0,1,1311-2510-0,1331-2510-0,1311-2510-0,,P1,PRESS,KG,FALSE,,,0,0,,FALSE,,,1,1,,FALSE,,0,0,,,,,,,,,,,,,,,,,,,,,,,,,,,,,,,,,,,,,,,,,,,,,,,,,,,,,,,,,,,,,,,,,,,,,,,,,,,,,,,,,,,,,,,,,,FALSE,1,,,,,,,,,,0,,0,
P1-193145-0060,BeCuR07-EHT Ag S-P2  (U) 0.1x17.5,1,FALSE,FALSE,BeCuR07-EHT Ag S-P2  (U) 0.1x17.5,BeCuR07-EHT Ag S-P2  (U) 0.1x17.5,0,NC,0,0,0,NC,0,0,0,NC,0,0,0,NC,0,0,0,NC,0,0,0,NC,0,0,0,NC,0,0,0,NC,0,0,0,NC,0,0,0,NC,0,0,,0,0,1,1311-2510-0,1331-2510-0,1311-2510-0,,P1,PRESS,KG,FALSE,,,0,0,,FALSE,,,1,1,,FALSE,,0,0,,,,,,,,,,,,,,,,,,,,,,,,,,,,,,,,,,,,,,,,,,,,,,,,,,,,,,,,,,,,,,,,,,,,,,,,,,,,,,,,,,,,,,,,,,FALSE,1,,,,,,,,,,0,,0,
P1-L58-11345-ARC,C2600R-1/2H Sn  (FM) 0.64x65,1,FALSE,FALSE,C2600R-1/2H Sn  (FM) 0.64x65,C2600R-1/2H Sn  (FM) 0.64x65,0,NC,0,0,0,NC,0,0,0,NC,0,0,0,NC,0,0,0,NC,0,0,0,NC,0,0,0,NC,0,0,0,NC,0,0,0,NC,0,0,0,NC,0,0,,0,0,1,1311-2510-0,1331-2510-0,1311-2510-0,,P1,PRESS,KG,FALSE,,,0,0,,FALSE,,,1,1,,FALSE,,0,0,,,,,,,,,,,,,,,,,,,,,,,,,,,,,,,,,,,,,,,,,,,,,,,,,,,,,,,,,,,,,,,,,,,,,,,,,,,,,,,,,,,,,,,,,,FALSE,1,,,,,,,,,,0,,0,
P1-L58-11345-BRC,C2600R-1/2H Sn  (FM) 0.64x55,1,FALSE,FALSE,C2600R-1/2H Sn  (FM) 0.64x55,C2600R-1/2H Sn  (FM) 0.64x55,0,NC,0,0,0,NC,0,0,0,NC,0,0,0,NC,0,0,0,NC,0,0,0,NC,0,0,0,NC,0,0,0,NC,0,0,0,NC,0,0,0,NC,0,0,,0,0,1,1311-2510-0,1331-2510-0,1311-2510-0,,P1,PRESS,KG,FALSE,,,0,0,,FALSE,,,1,1,,FALSE,,0,0,,,,,,,,,,,,,,,,,,,,,,,,,,,,,,,,,,,,,,,,,,,,,,,,,,,,,,,,,,,,,,,,,,,,,,,,,,,,,,,,,,,,,,,,,,FALSE,1,,,,,,,,,,0,,0,
P1-L58-11347-BRC,C2600R-1/2H Sn  (FM) 0.64x35,1,FALSE,FALSE,C2600R-1/2H Sn  (FM) 0.64x35,C2600R-1/2H Sn  (FM) 0.64x35,0,NC,0,0,0,NC,0,0,0,NC,0,0,0,NC,0,0,0,NC,0,0,0,NC,0,0,0,NC,0,0,0,NC,0,0,0,NC,0,0,0,NC,0,0,,0,0,1,1311-2510-0,1331-2510-0,1311-2510-0,,P1,PRESS,KG,FALSE,,,0,0,,FALSE,,,1,1,,FALSE,,0,0,,,,,,,,,,,,,,,,,,,,,,,,,,,,,,,,,,,,,,,,,,,,,,,,,,,,,,,,,,,,,,,,,,,,,,,,,,,,,,,,,,,,,,,,,,FALSE,1,,,,,,,,,,0,,0,
P1-L58-14333-ARC,C2600R-1/2H Sn  (FM) 0.64x56,1,FALSE,FALSE,C2600R-1/2H Sn  (FM) 0.64x56,C2600R-1/2H Sn  (FM) 0.64x56,0,NC,0,0,0,NC,0,0,0,NC,0,0,0,NC,0,0,0,NC,0,0,0,NC,0,0,0,NC,0,0,0,NC,0,0,0,NC,0,0,0,NC,0,0,,0,0,1,1311-2510-0,1331-2510-0,1311-2510-0,,P1,PRESS,KG,FALSE,,,0,0,,FALSE,,,1,1,,FALSE,,0,0,,,,,,,,,,,,,,,,,,,,,,,,,,,,,,,,,,,,,,,,,,,,,,,,,,,,,,,,,,,,,,,,,,,,,,,,,,,,,,,,,,,,,,,,,,FALSE,1,,,,,,,,,,0,,0,
P1-L58-14333-BRC,C2600R-1/2H Sn  (FM) 0.64x40,1,FALSE,FALSE,C2600R-1/2H Sn  (FM) 0.64x40,C2600R-1/2H Sn  (FM) 0.64x40,0,NC,0,0,0,NC,0,0,0,NC,0,0,0,NC,0,0,0,NC,0,0,0,NC,0,0,0,NC,0,0,0,NC,0,0,0,NC,0,0,0,NC,0,0,,0,0,1,1311-2510-0,1331-2510-0,1311-2510-0,,P1,PRESS,KG,FALSE,,,0,0,,FALSE,,,1,1,,FALSE,,0,0,,,,,,,,,,,,,,,,,,,,,,,,,,,,,,,,,,,,,,,,,,,,,,,,,,,,,,,,,,,,,,,,,,,,,,,,,,,,,,,,,,,,,,,,,,FALSE,1,,,,,,,,,,0,,0,
P1-L88-11367-DC,C2600R-1/2H Sn  (FM) 0.64x49,1,FALSE,FALSE,C2600R-1/2H Sn  (FM) 0.64x49,C2600R-1/2H Sn  (FM) 0.64x49,0,NC,0,0,0,NC,0,0,0,NC,0,0,0,NC,0,0,0,NC,0,0,0,NC,0,0,0,NC,0,0,0,NC,0,0,0,NC,0,0,0,NC,0,0,,0,0,1,1311-2510-0,1331-2510-0,1311-2510-0,,P1,PRESS,KG,FALSE,,,0,0,,FALSE,,,1,1,,FALSE,,0,0,,,,,,,,,,,,,,,,,,,,,,,,,,,,,,,,,,,,,,,,,,,,,,,,,,,,,,,,,,,,,,,,,,,,,,,,,,,,,,,,,,,,,,,,,,FALSE,1,,,,,,,,,,0,,0,
P1-L88-11371-CC,C2600R-1/2H Sn  (FM) 0.64x62,1,FALSE,FALSE,C2600R-1/2H Sn  (FM) 0.64x62,C2600R-1/2H Sn  (FM) 0.64x62,0,NC,0,0,0,NC,0,0,0,NC,0,0,0,NC,0,0,0,NC,0,0,0,NC,0,0,0,NC,0,0,0,NC,0,0,0,NC,0,0,0,NC,0,0,,0,0,1,1311-2510-0,1331-2510-0,1311-2510-0,,P1,PRESS,KG,FALSE,,,0,0,,FALSE,,,1,1,,FALSE,,0,0,,,,,,,,,,,,,,,,,,,,,,,,,,,,,,,,,,,,,,,,,,,,,,,,,,,,,,,,,,,,,,,,,,,,,,,,,,,,,,,,,,,,,,,,,,FALSE,1,,,,,,,,,,0,,0,
P1-L88-11373-CC,C2600R-1/2H Sn  (FM) 0.64x33,1,FALSE,FALSE,C2600R-1/2H Sn  (FM) 0.64x33,C2600R-1/2H Sn  (FM) 0.64x33,0,NC,0,0,0,NC,0,0,0,NC,0,0,0,NC,0,0,0,NC,0,0,0,NC,0,0,0,NC,0,0,0,NC,0,0,0,NC,0,0,0,NC,0,0,,0,0,1,1311-2510-0,1331-2510-0,1311-2510-0,,P1,PRESS,KG,FALSE,,,0,0,,FALSE,,,1,1,,FALSE,,0,0,,,,,,,,,,,,,,,,,,,,,,,,,,,,,,,,,,,,,,,,,,,,,,,,,,,,,,,,,,,,,,,,,,,,,,,,,,,,,,,,,,,,,,,,,,FALSE,1,,,,,,,,,,0,,0,
P1-L88-14335-CC,C2600R-1/2H Sn  (FM) 0.64x70,1,FALSE,FALSE,C2600R-1/2H Sn  (FM) 0.64x70,C2600R-1/2H Sn  (FM) 0.64x70,0,NC,0,0,0,NC,0,0,0,NC,0,0,0,NC,0,0,0,NC,0,0,0,NC,0,0,0,NC,0,0,0,NC,0,0,0,NC,0,0,0,NC,0,0,,0,0,1,1311-2510-0,1331-2510-0,1311-2510-0,,P1,PRESS,KG,FALSE,,,0,0,,FALSE,,,1,1,,FALSE,,0,0,,,,,,,,,,,,,,,,,,,,,,,,,,,,,,,,,,,,,,,,,,,,,,,,,,,,,,,,,,,,,,,,,,,,,,,,,,,,,,,,,,,,,,,,,,FALSE,1,,,,,,,,,,0,,0,
P1-M77-61354-A,C2600R-1/2H Sn  (FM) 0.64x118,1,FALSE,FALSE,C2600R-1/2H Sn  (FM) 0.64x118,C2600R-1/2H Sn  (FM) 0.64x118,0,NC,0,0,0,NC,0,0,0,NC,0,0,0,NC,0,0,0,NC,0,0,0,NC,0,0,0,NC,0,0,0,NC,0,0,0,NC,0,0,0,NC,0,0,,0,0,1,1311-2510-0,1331-2510-0,1311-2510-0,,P1,PRESS,KG,FALSE,,,0,0,,FALSE,,,1,1,,FALSE,,0,0,,,,,,,,,,,,,,,,,,,,,,,,,,,,,,,,,,,,,,,,,,,,,,,,,,,,,,,,,,,,,,,,,,,,,,,,,,,,,,,,,,,,,,,,,,FALSE,1,,,,,,,,,,0,,0,
P1-MET-05003C,C2600R-1/2H Sn  (FM) 0.64x46,1,FALSE,FALSE,C2600R-1/2H Sn  (FM) 0.64x46,C2600R-1/2H Sn  (FM) 0.64x46,0,NC,0,0,0,NC,0,0,0,NC,0,0,0,NC,0,0,0,NC,0,0,0,NC,0,0,0,NC,0,0,0,NC,0,0,0,NC,0,0,0,NC,0,0,,0,0,1,1311-2510-0,1331-2510-0,1311-2510-0,,P1,PRESS,KG,FALSE,,,0,0,,FALSE,,,1,1,,FALSE,,0,0,,,,,,,,,,,,,,,,,,,,,,,,,,,,,,,,,,,,,,,,,,,,,,,,,,,,,,,,,,,,,,,,,,,,,,,,,,,,,,,,,,,,,,,,,,FALSE,1,,,,,,,,,,0,,0,
P1-NAN641K394,KBEC390-GX-K2 1.2x125,1,FALSE,FALSE,KBEC390-GX-K2 1.2x125,KBEC390-GX-K2 1.2x125,0,NC,0,0,0,NC,0,0,0,NC,0,0,0,NC,0,0,0,NC,0,0,0,NC,0,0,0,NC,0,0,0,NC,0,0,0,NC,0,0,0,NC,0,0,,0,0,1,1311-2510-0,1331-2510-0,1311-2510-0,,P1,PRESS,KG,FALSE,,,0,0,,FALSE,,,1,1,,FALSE,,0,0,,,,,,,,,,,,,,,,,,,,,,,,,,,,,,,,,,,,,,,,,,,,,,,,,,,,,,,,,,,,,,,,,,,,,,,,,,,,,,,,,,,,,,,,,,FALSE,1,,,,,,,,,,0,,0,
P1-T33-11353AC,C2600R-1/2H Sn  (FM) 0.64x61,1,FALSE,FALSE,C2600R-1/2H Sn  (FM) 0.64x61,C2600R-1/2H Sn  (FM) 0.64x61,0,NC,0,0,0,NC,0,0,0,NC,0,0,0,NC,0,0,0,NC,0,0,0,NC,0,0,0,NC,0,0,0,NC,0,0,0,NC,0,0,0,NC,0,0,,0,0,1,1311-2510-0,1331-2510-0,1311-2510-0,,P1,PRESS,KG,FALSE,,,0,0,,FALSE,,,1,1,,FALSE,,0,0,,,,,,,,,,,,,,,,,,,,,,,,,,,,,,,,,,,,,,,,,,,,,,,,,,,,,,,,,,,,,,,,,,,,,,,,,,,,,,,,,,,,,,,,,,FALSE,1,,,,,,,,,,0,,0,
P1-T91-61363-C,C2600R-1/2H Sn  (FM) 0.64x77,1,FALSE,FALSE,C2600R-1/2H Sn  (FM) 0.64x77,C2600R-1/2H Sn  (FM) 0.64x77,0,NC,0,0,0,NC,0,0,0,NC,0,0,0,NC,0,0,0,NC,0,0,0,NC,0,0,0,NC,0,0,0,NC,0,0,0,NC,0,0,0,NC,0,0,,0,0,1,1311-2510-0,1331-2510-0,1311-2510-0,,P1,PRESS,KG,FALSE,,,0,0,,FALSE,,,1,1,,FALSE,,0,0,,,,,,,,,,,,,,,,,,,,,,,,,,,,,,,,,,,,,,,,,,,,,,,,,,,,,,,,,,,,,,,,,,,,,,,,,,,,,,,,,,,,,,,,,,FALSE,1,,,,,,,,,,0,,0,
P1-189677-0110C,C1020R-1/2H AgNi Inlay 0.5x26,1,FALSE,FALSE,C1020R-1/2H AgNi Inlay 0.5x26,C1020R-1/2H AgNi Inlay 0.5x26,0,NC,0,0,0,NC,0,0,0,NC,0,0,0,NC,0,0,0,NC,0,0,0,NC,0,0,0,NC,0,0,0,NC,0,0,0,NC,0,0,0,NC,0,0,,0,0,1,1311-2510-0,1331-2510-0,1311-2510-0,,P1,PRESS,KG,FALSE,,,0,0,,FALSE,,,1,1,,FALSE,,0,0,,,,,,,,,,,,,,,,,,,,,,,,,,,,,,,,,,,,,,,,,,,,,,,,,,,,,,,,,,,,,,,,,,,,,,,,,,,,,,,,,,,,,,,,,,FALSE,1,,,,,,,,,,0,,0,
P1-M77-61354-A,C2600R-1/2H Sn  (FM) 0.64x118,1,FALSE,FALSE,C2600R-1/2H Sn  (FM) 0.64x118,C2600R-1/2H Sn  (FM) 0.64x118,0,NC,0,0,0,NC,0,0,0,NC,0,0,0,NC,0,0,0,NC,0,0,0,NC,0,0,0,NC,0,0,0,NC,0,0,0,NC,0,0,0,NC,0,0,,0,0,1,1311-2510-0,1331-2510-0,1311-2510-0,,P1,PRESS,KG,FALSE,,,0,0,,FALSE,,,1,1,,FALSE,,0,0,,,,,,,,,,,,,,,,,,,,,,,,,,,,,,,,,,,,,,,,,,,,,,,,,,,,,,,,,,,,,,,,,,,,,,,,,,,,,,,,,,,,,,,,,,FALSE,1,,,,,,,,,,0,,0,
